probability_band,probability_min,probability_max,movement_bucket,movement_min,movement_max,sample_size,raw_adjustment,shrunk_adjustment,ci_lower,ci_upper,production_adjustment
50-55%,0.5,0.55,<= -3.0,-999.0,-3.0,0,0.0,0.0,,,0.0
50-55%,0.5,0.55,-3.0 to -1.5,-3.0,-1.5,11,0.0327528404657405,0.0,-0.2387727049826827,0.2881681599301198,0.0
50-55%,0.5,0.55,-1.5 to -0.5,-1.5,-0.5,57,0.0909856126295696,0.0227464031573924,-0.043554695604723,0.2015357889080204,0.0
50-55%,0.5,0.55,-0.5 to +0.5,-0.5,0.5,235,-0.0192110709650689,-0.0096055354825344,-0.0902502193029822,0.0452292808979971,0.0
50-55%,0.5,0.55,+0.5 to +1.5,0.5,1.5,53,0.0127378935571272,0.0031844733892818,-0.1138880606376048,0.1378416866981667,0.0
50-55%,0.5,0.55,+1.5 to +3.0,1.5,3.0,46,-0.0372461854399419,-0.0,-0.2002881711040204,0.1372763092296113,0.0
50-55%,0.5,0.55,>= +3.0,3.0,999.0,13,-0.0663958952784299,-0.0,-0.2992947321484024,0.2157826683465126,0.0
55-60%,0.55,0.6,<= -3.0,-999.0,-3.0,0,0.0,0.0,,,0.0
55-60%,0.55,0.6,-3.0 to -1.5,-3.0,-1.5,4,0.1615768632815499,0.0,-0.0929929458686462,0.431706224809673,0.0
55-60%,0.55,0.6,-1.5 to -0.5,-1.5,-0.5,23,-0.0627581189062962,-0.0,-0.2796925910130172,0.153778716745162,0.0
55-60%,0.55,0.6,-0.5 to +0.5,-0.5,0.5,326,-0.0747492687945003,-0.03,-0.1268657675988401,-0.0189507535528085,0.0
55-60%,0.55,0.6,+0.5 to +1.5,0.5,1.5,71,0.0908553108932382,0.0227138277233095,-0.0151504312327967,0.1954914636314352,0.0
55-60%,0.55,0.6,+1.5 to +3.0,1.5,3.0,11,-0.0227793832629112,-0.0,-0.2987791041532617,0.2519397441191999,0.0
55-60%,0.55,0.6,>= +3.0,3.0,999.0,6,-0.0622827530564409,-0.0,-0.3944282892116166,0.2724446669339795,0.0
60-70%,0.6,0.7,<= -3.0,-999.0,-3.0,0,0.0,0.0,,,0.0
60-70%,0.6,0.7,-3.0 to -1.5,-3.0,-1.5,25,-3.907940606762139e-05,-0.0,-0.2000746567530607,0.1754426070012502,0.0
60-70%,0.6,0.7,-1.5 to -0.5,-1.5,-0.5,98,0.0340686009908031,0.0085171502477007,-0.050543946600043,0.1295664493640082,0.0
60-70%,0.6,0.7,-0.5 to +0.5,-0.5,0.5,513,-0.0114571256689111,-0.0103114131020199,-0.0492861617459067,0.0296073305361846,0.0
60-70%,0.6,0.7,+0.5 to +1.5,0.5,1.5,193,-0.025853605020161,-0.0129268025100805,-0.089437822352105,0.0363569939126498,0.0
60-70%,0.6,0.7,+1.5 to +3.0,1.5,3.0,23,-0.0059600192689306,-0.0,-0.1597259942712805,0.1547094599603144,0.0
60-70%,0.6,0.7,>= +3.0,3.0,999.0,3,-0.0091872470621718,-0.0,-0.1744754549459224,0.3213891687053293,0.0
70-80%,0.7,0.8,<= -3.0,-999.0,-3.0,7,-0.0349563497337306,-0.0,-0.4443554239715783,0.2598236337135774,0.0
70-80%,0.7,0.8,-3.0 to -1.5,-3.0,-1.5,33,-0.0165820984663432,-0.0,-0.1720908049704051,0.1339363699998594,0.0
70-80%,0.7,0.8,-1.5 to -0.5,-1.5,-0.5,91,0.055132197325117,0.0137830493312792,-0.0288702735362704,0.1299116229887313,0.0
70-80%,0.7,0.8,-0.5 to +0.5,-0.5,0.5,480,-0.0254586550687597,-0.0190939913015698,-0.0627476092425607,0.013829680518336,0.0
70-80%,0.7,0.8,+0.5 to +1.5,0.5,1.5,184,0.0032346156585366,0.0016173078292683,-0.0590292690646206,0.0620873142927949,0.0
70-80%,0.7,0.8,+1.5 to +3.0,1.5,3.0,54,-0.0181431148189926,-0.0045357787047481,-0.1168260085958187,0.0736375841575493,0.0
70-80%,0.7,0.8,>= +3.0,3.0,999.0,5,0.0193215091028884,0.0,-0.3827663632601846,0.2312035125820689,0.0
80-90%,0.8,0.9,<= -3.0,-999.0,-3.0,3,0.1380194576261623,0.0,0.1230638471175171,0.1526167968471693,0.0
80-90%,0.8,0.9,-3.0 to -1.5,-3.0,-1.5,19,0.0347805206060326,0.0,-0.1089058408442913,0.1424630501808186,0.0
80-90%,0.8,0.9,-1.5 to -0.5,-1.5,-0.5,73,0.0111739489449024,0.0027934872362256,-0.0935184719465155,0.0992577083959531,0.0
80-90%,0.8,0.9,-0.5 to +0.5,-0.5,0.5,450,0.0184264270130708,0.0138198202598031,-0.0115422103132374,0.0477709107212735,0.0
80-90%,0.8,0.9,+0.5 to +1.5,0.5,1.5,181,-0.0253392807575255,-0.0126696403787627,-0.0877859577509455,0.0311512843582234,0.0
80-90%,0.8,0.9,+1.5 to +3.0,1.5,3.0,42,0.0619131657542862,0.0,-0.0432033860753465,0.1352084786346792,0.0
80-90%,0.8,0.9,>= +3.0,3.0,999.0,7,-0.0046982582793879,-0.0,-0.2943179603025418,0.1562066469407873,0.0
90%+,0.9,1.0,<= -3.0,-999.0,-3.0,0,0.0,0.0,,,0.0
90%+,0.9,1.0,-3.0 to -1.5,-3.0,-1.5,6,0.058749905349155,0.0,0.0479506705674867,0.072124504577123,0.0
90%+,0.9,1.0,-1.5 to -0.5,-1.5,-0.5,35,0.0069580868581301,0.0,-0.0881998087094495,0.0679313506857867,0.0
90%+,0.9,1.0,-0.5 to +0.5,-0.5,0.5,234,0.0083247614769483,0.0041623807384741,-0.0272456242046902,0.0376173511476732,0.0
90%+,0.9,1.0,+0.5 to +1.5,0.5,1.5,116,-0.0018533131143485,-0.0009266565571742,-0.0474981740748145,0.0400666766236125,0.0
90%+,0.9,1.0,+1.5 to +3.0,1.5,3.0,19,-0.0320005713618304,-0.0,-0.1974504058693738,0.0745662177911661,0.0
90%+,0.9,1.0,>= +3.0,3.0,999.0,4,0.0617062097348098,0.0,0.0509162605337442,0.0885538065858573,0.0
