fold_id,test_season,model,n,log_loss,brier,ece,accuracy
fold_1,2023,A24_all,724,0.5307957121068168,0.17844306493682174,0.03243197741084462,0.7223756906077348
fold_1,2023,A24,714,0.526482541896828,0.17655432613594899,0.029780843905215827,0.7254901960784313
fold_1,2023,Forecast,714,0.5258191541318701,0.1763772026044594,0.03480536445651125,0.7226890756302521
fold_1,2023,Oracle,714,0.5258378093866065,0.1761142830952327,0.03539770554126515,0.7296918767507002
fold_2,2024,A24_all,749,0.5481242110498844,0.18619712453465756,0.04000959929721143,0.7022696929238985
fold_2,2024,A24,749,0.5481242110498844,0.18619712453465756,0.04000959929721143,0.7022696929238985
fold_2,2024,Forecast,749,0.54797502942973,0.18621573677816108,0.0385857873604641,0.7009345794392523
fold_2,2024,Oracle,749,0.5499756140708306,0.18683728099023605,0.03090053130016046,0.7036048064085447
fold_3,2025,A24_all,750,0.5461947550721479,0.18454404379993972,0.018723982696127787,0.724
fold_3,2025,A24,743,0.5467868691302153,0.1848309220105522,0.01908542903474545,0.7227456258411844
fold_3,2025,Forecast,743,0.5467424657874203,0.18491283170508988,0.017370701295713095,0.7173620457604307
fold_3,2025,Oracle,743,0.5459515925893241,0.1845824019620309,0.015307624756743826,0.7240915208613729
pooled_oos,2023-2025,A24,2206,0.5406691807590429,0.18261596110216063,0.02328103043033969,0.7166817769718948
pooled_oos,2023-2025,Forecast,2206,0.5403888600059276,0.18259254010122775,0.022952504971615273,0.71350861287398
pooled_oos,2023-2025,Oracle,2206,0.5408077806595454,0.18260718324998726,0.018731821979629998,0.7189483227561196
