raw_name,source
Central State,cfbd
Kentucky State,cfbd
Indiana State,cfbd
Eastern Illinois,cfbd
North Carolina Central,cfbd
Alcorn State,cfbd
Southern Utah,cfbd
Stony Brook,cfbd
New Hampshire,cfbd
Wayne State (MI),cfbd
Slippery Rock,cfbd
Wingate,cfbd
Shaw,cfbd
Arkansas Tech,cfbd
Southeastern Oklahoma State,cfbd
Kentucky Wesleyan,cfbd
Frostburg State,cfbd
Western Illinois,cfbd
Mercer,cfbd
Point University,cfbd
Sioux Falls,cfbd
Bemidji State,cfbd
Youngstown State,cfbd
Incarnate Word,cfbd
Maine,cfbd
The Citadel,cfbd
Wayne State (NE),cfbd
University of Mary,cfbd
Northwestern (OK),cfbd
Southern Arkansas,cfbd
Drake,cfbd
West Virginia Wesleyan,cfbd
Delta State,cfbd
Bethel University Tennessee,cfbd
Millersville,cfbd
American International,cfbd
Mars Hill,cfbd
Chowan,cfbd
Mississippi College,cfbd
Albany State,cfbd
Samford,cfbd
Tennessee Tech,cfbd
Upper Iowa,cfbd
Minnesota Duluth,cfbd
Arkansas Monticello,cfbd
Southern Nazarene,cfbd
Ohio Dominican,cfbd
Shepherd,cfbd
Lindenwood,cfbd
Angelo State,cfbd
West Liberty,cfbd
Walsh,cfbd
Wagner,cfbd
Fairmont State,cfbd
California (PA),cfbd
Minnesota State,cfbd
Northern State,cfbd
Lincoln (MO),cfbd
Washburn,cfbd
Southwestern Oklahoma State,cfbd
Henderson State,cfbd
Seton Hill,cfbd
Wheeling,cfbd
Carson Newman,cfbd
West Georgia,cfbd
Northwood,cfbd
Gannon,cfbd
Ouachita Baptist,cfbd
Oklahoma Baptist,cfbd
East Stroudsburg,cfbd
Pace,cfbd
Ferris State,cfbd
Findlay,cfbd
Southeast Missouri State,cfbd
Southern Illinois,cfbd
Chattanooga,cfbd
Austin Peay,cfbd
UC Davis,cfbd
Weber State,cfbd
UT Martin,cfbd
Eastern New Mexico,cfbd
Central Washington,cfbd
Central Missouri,cfbd
Pittsburg State,cfbd
CSU Pueblo,cfbd
East Texas A&M,cfbd
Southwest Minnesota State,cfbd
Minnesota St Moorhead,cfbd
Winona State,cfbd
Concordia St. Paul,cfbd
Reinhardt,cfbd
Houston Christian,cfbd
Colorado School of Mines,cfbd
Western Oregon,cfbd
Central Oklahoma,cfbd
Missouri Western,cfbd
Murray State,cfbd
Mississippi Valley State,cfbd
Fort Hays,cfbd
Northwest Missouri State,cfbd
Nebraska Kearney,cfbd
Missouri Southern State,cfbd
South Dakota Mines,cfbd
Missouri S&T,cfbd
Colorado Mesa,cfbd
William Jewell,cfbd
Long Island University,cfbd
Northern Arizona,cfbd
West Texas,cfbd
Texas College,cfbd
Eastern Washington,cfbd
Central Connecticut,cfbd
Southern Connecticut State,cfbd
Bentley,cfbd
West Chester,cfbd
Saint Francis,cfbd
South Dakota,cfbd
South Dakota State,cfbd
Northern Colorado,cfbd
Lehigh,cfbd
Villanova,cfbd
Notre Dame College,cfbd
Ashland,cfbd
Southwest Baptist,cfbd
UT Permian Basin,cfbd
Davenport,cfbd
Truman State,cfbd
Shorter,cfbd
Brevard,cfbd
Holy Cross,cfbd
Bluefield State,cfbd
Lawrence Tech,cfbd
Fordham,cfbd
Colgate,cfbd
UVA Wise,cfbd
Virginia Lynchburg,cfbd
Kutztown,cfbd
Assumption,cfbd
New Haven,cfbd
Franklin Pierce,cfbd
Shippensburg,cfbd
West Virginia State,cfbd
Catawba,cfbd
Erskine,cfbd
MARIAN (IN,cfbd
Tiffin,cfbd
St. Augustine's,cfbd
Tusculum,cfbd
McNeese,cfbd
West Florida,cfbd
Merrimack,cfbd
Saint Anselm,cfbd
VMI,cfbd
Davidson,cfbd
Richmond,cfbd
Howard,cfbd
Elon,cfbd
Wofford,cfbd
Furman,cfbd
North Carolina A&T,cfbd
Barton,cfbd
Newberry,cfbd
Augustana (SD),cfbd
Minot State,cfbd
Fort Lewis,cfbd
New Mexico Highlands,cfbd
Michigan Tech,cfbd
Hillsdale,cfbd
Quincy,cfbd
Midwestern State,cfbd
Lafayette,cfbd
McKendree,cfbd
Northern Michigan,cfbd
Stonehill,cfbd
Bloomsburg,cfbd
Western Colorado,cfbd
Chadron State,cfbd
Idaho State,cfbd
North Dakota,cfbd
North Dakota State,cfbd
UAlbany,cfbd
Elizabeth City State,cfbd
Fayetteville State,cfbd
Montana State,cfbd
Presbyterian,cfbd
St. Andrews,cfbd
Morgan State,cfbd
Towson,cfbd
San Diego,cfbd
Cal Poly,cfbd
Idaho,cfbd
Simon Fraser,cfbd
Delaware State,cfbd
Bowie State,cfbd
Northern Iowa,cfbd
Lincoln (PA),cfbd
Lock Haven,cfbd
Campbell,cfbd
Gardner-Webb,cfbd
Virginia State,cfbd
Lenoir Rhyne,cfbd
Benedict,cfbd
Allen,cfbd
Clarion,cfbd
Lake Erie,cfbd
Livingstone,cfbd
Clark Atlanta,cfbd
Mercyhurst,cfbd
Alderson-Broaddus,cfbd
Stetson,cfbd
Warner,cfbd
Alabama State,cfbd
Miles,cfbd
Rhode Island,cfbd
Bryant,cfbd
Hampton,cfbd
Virginia Union,cfbd
Indiana Wesleyan,cfbd
Valparaiso,cfbd
Sacred Heart,cfbd
Bucknell,cfbd
Western Carolina,cfbd
Eastern Kentucky,cfbd
Morehead State,cfbd
Alabama A&M,cfbd
South Carolina State,cfbd
Stephen F. Austin,cfbd
Tarleton State,cfbd
North Alabama,cfbd
SE Louisiana,cfbd
Monmouth,cfbd
Arkansas-Pine Bluff,cfbd
Lane College,cfbd
Harding,cfbd
East Central,cfbd
Saginaw Valley State,cfbd
Texas A&M-Kingsville,cfbd
North Greenville,cfbd
Limestone,cfbd
Central Arkansas,cfbd
Adams State,cfbd
Western New Mexico,cfbd
Northeastern State,cfbd
Emporia State,cfbd
West Alabama,cfbd
Morehouse,cfbd
Valdosta State,cfbd
Savannah State,cfbd
Abilene Christian,cfbd
Southern,cfbd
Norfolk State,cfbd
Nicholls,cfbd
Saint Xavier,cfbd
Indianapolis,cfbd
William & Mary,cfbd
Northwestern State,cfbd
Illinois State,cfbd
Butler,cfbd
Texas Southern,cfbd
Prairie View A&M,cfbd
Montana,cfbd
East Tennessee State,cfbd
Duquesne,cfbd
Bethune-Cookman,cfbd
Utah Tech,cfbd
Sacramento State,cfbd
Portland State,cfbd
Florida A&M,cfbd
Jackson State,cfbd
Grambling,cfbd
Tennessee State,cfbd
Tuskegee,cfbd
Fort Valley State,cfbd
Glenville State,cfbd
Concord,cfbd
Charleston (WV),cfbd
Edward Waters,cfbd
Edinboro,cfbd
Wisconsin Oshkosh,cfbd
Dayton,cfbd
St. Thomas (MN),cfbd
Georgetown,cfbd
Iowa Wesleyan,cfbd
Charleston Southern,cfbd
IU Pennsylvania,cfbd
Robert Morris,cfbd
Arkansas Baptist,cfbd
Linfield,cfbd
UFTL,cfbd
DePauw,cfbd
Ave Maria University,cfbd
Johnson C. Smith,cfbd
UNC Pembroke,cfbd
Lamar,cfbd
Grand Valley State,cfbd
Mayville State,cfbd
Louisiana Christian,cfbd
Winston-Salem State,cfbd
Yale,cfbd
Princeton,cfbd
Brown,cfbd
Harvard,cfbd
Columbia,cfbd
Marist,cfbd
Dartmouth,cfbd
Cornell,cfbd
Wisconsin La Crosse,cfbd
Black Hills State,cfbd
Pennsylvania,cfbd
Taylor,cfbd
Lincoln (CA),cfbd
MONTANASTN,cfbd
Texas Wesleyan,cfbd
Bethel Col,cfbd
North Central College,cfbd
Mary Hardin Baylor,cfbd
Florida Memorial University,cfbd
Wisconsin Platteville,cfbd
Lakeland,cfbd
Illinois College,cfbd
Ferrum,cfbd
Keiser University,cfbd
Millsaps,cfbd
Belhaven,cfbd
Trine,cfbd
Anderson (IN),cfbd
Dickinson State University,cfbd
Salisbury,cfbd
Albright,cfbd
Curry,cfbd
MIT,cfbd
Merchant Marine,cfbd
FDU Florham,cfbd
Springfield,cfbd
Western New England,cfbd
Hobart,cfbd
Alfred,cfbd
Fitchburg State,cfbd
Dean,cfbd
Worcester State,cfbd
WPI,cfbd
Franklin & Marshall,cfbd
Lebanon Valley,cfbd
Alvernia,cfbd
Ursinus,cfbd
Carnegie Mellon,cfbd
Whitworth,cfbd
Westfield State,cfbd
Nichols,cfbd
Salve Regina,cfbd
Norwich,cfbd
Case Western Reserve,cfbd
Johns Hopkins,cfbd
The College of New Jersey,cfbd
Moravian,cfbd
SUNY Cortland,cfbd
Wittenberg,cfbd
Delaware Valley,cfbd
Westminster (PA),cfbd
Marietta,cfbd
Dubuque,cfbd
UMass Dartmouth,cfbd
Husson,cfbd
Southwestern U,cfbd
Cal Lutheran,cfbd
Wayland Baptist,cfbd
Hardin Simmons,cfbd
Bridgewater State,cfbd
Ithaca,cfbd
SUNY Morrisville,cfbd
Kean,cfbd
Brockport,cfbd
Framingham State,cfbd
Ohio Wesleyan,cfbd
Otterbein,cfbd
Plymouth State,cfbd
Vermont State Castleton,cfbd
Allegheny,cfbd
Union,cfbd
Albion,cfbd
Carthage,cfbd
Greensboro,cfbd
Guilford,cfbd
Luther,cfbd
Presentation,cfbd
Hope,cfbd
Aurora,cfbd
St. Thomas University (Fl),cfbd
Hartwick,cfbd
SUNY Maritime,cfbd
Post,cfbd
Saint Vincent,cfbd
Stevenson,cfbd
Sewanee,cfbd
St. Scholastica,cfbd
Grove City,cfbd
Juniata,cfbd
Rensselaer,cfbd
Dickinson,cfbd
Bethany (WV),cfbd
Hiram,cfbd
St. Lawrence,cfbd
Endicott,cfbd
Augustana (IL),cfbd
Rhodes,cfbd
Gallaudet,cfbd
Waynesburg,cfbd
Emory & Henry,cfbd
Ripon,cfbd
St. Norbert,cfbd
Kenyon,cfbd
Bluffton,cfbd
Methodist,cfbd
Shenandoah,cfbd
Wabash,cfbd
Hampden Sydney,cfbd
Lycoming,cfbd
Susquehanna,cfbd
Rose Hulman,cfbd
Ohio Northern,cfbd
Alma,cfbd
Rockford,cfbd
Beloit,cfbd
Kalamazoo,cfbd
Oberlin,cfbd
Washington & Jefferson,cfbd
John Carroll,cfbd
Gettysburg,cfbd
Bridgewater,cfbd
Widener,cfbd
Rowan,cfbd
St. John Fisher,cfbd
Buffalo State,cfbd
Montclair State,cfbd
Thiel,cfbd
Keystone,cfbd
Wilkes,cfbd
William Paterson,cfbd
Western Connecticut State,cfbd
McDaniel,cfbd
Catholic,cfbd
Alfred State,cfbd
Misericordia,cfbd
Coe,cfbd
Cornell (IA),cfbd
Coast Guard,cfbd
New England,cfbd
Mount Union,cfbd
Defiance College,cfbd
Mount St Joseph,cfbd
Baldwin Wallace,cfbd
Eureka,cfbd
Nebraska Wesleyan,cfbd
Wisconsin Eau Claire,cfbd
Loras,cfbd
Millikin,cfbd
Greenville,cfbd
Maryville (TN),cfbd
Berry,cfbd
Lake Forest,cfbd
Wisconsin Lutheran,cfbd
Texas Lutheran,cfbd
Howard Payne,cfbd
Central College,cfbd
St. Olaf,cfbd
Bethel (MN),cfbd
Pacific Lutheran,cfbd
Concordia Chicago,cfbd
Chicago,cfbd
Knox,cfbd
Westminster (MO),cfbd
Martin Luther,cfbd
Concordia (WI),cfbd
McMurry,cfbd
Birmingham-Southern,cfbd
Elmhurst,cfbd
Wisconsin River Falls,cfbd
East Texas Baptist,cfbd
Hendrix,cfbd
Austin,cfbd
Saint John's (MN),cfbd
Wisconsin Whitewater,cfbd
Olivet,cfbd
Franklin,cfbd
Willamette,cfbd
Pomona Pitzer,cfbd
Lewis & Clark,cfbd
Puget Sound,cfbd
Dakota State University,cfbd
Randolph Macon,cfbd
North Carolina Wesleyan,cfbd
Buena Vista,cfbd
Gustavus Adolphus,cfbd
Washington and Lee,cfbd
Christopher Newport,cfbd
Finlandia University,cfbd
Benedictine (IL),cfbd
Concordia-Michigan,cfbd
Muhlenberg,cfbd
Trinity (TX),cfbd
Sul Ross State,cfbd
Minnesota Morris,cfbd
Macalester,cfbd
Utica,cfbd
Rochester (NY),cfbd
Wisconsin Stevens Point,cfbd
Huntingdon,cfbd
Denison,cfbd
Capital,cfbd
Southern Virginia,cfbd
Wilmington (OH),cfbd
Heidelberg,cfbd
Adrian,cfbd
North Park,cfbd
Manchester,cfbd
Geneva,cfbd
Wooster,cfbd
Monmouth (IL),cfbd
Wartburg,cfbd
Crown,cfbd
Hamline,cfbd
North American,cfbd
Northwestern (MN),cfbd
Augsburg,cfbd
La Verne,cfbd
George Fox,cfbd
Redlands,cfbd
Chapman,cfbd
Pacific (OR),cfbd
Hanover,cfbd
Centre,cfbd
Trinity International (IL),cfbd
Mass Maritime,cfbd
Anna Maria College,cfbd
Thomas More,cfbd
Hilbert,cfbd
Madonna,cfbd
King's,cfbd
Muskingum,cfbd
Phoenix,cfbd
Carleton,cfbd
Grinnell,cfbd
Illinois Wesleyan,cfbd
Washington St. Louis,cfbd
Claremont Mudd Scripps,cfbd
Whittier,cfbd
Eastern Oregon,cfbd
LaGrange,cfbd
BLUEFIELD,cfbd
Carroll (WI),cfbd
Lawrence,cfbd
Averett,cfbd
Wheaton (IL),cfbd
Wisconsin Stout,cfbd
Concordia (MN),cfbd
Bowdoin,cfbd
Hamilton,cfbd
Colby,cfbd
Williams,cfbd
Wesleyan (CT),cfbd
Bates,cfbd
Tufts,cfbd
Trinity (CT),cfbd
Amherst,cfbd
Middlebury,cfbd
Kentucky Christian,cfbd
Simpson (IA),cfbd
Waldorf,cfbd
Apprentice School,cfbd
Faulkner University,cfbd
Valley City State,cfbd
Lyon,cfbd
Eastern,cfbd
Roosevelt,cfbd
St. Ambrose,cfbd
Southeastern,cfbd
Union College,cfbd
Oklahoma Panhandle,cfbd
Montana Tech,cfbd
Madonna University (Mich.),cfbd
Columbus State,cfbd
Webber International,cfbd
Northwestern (IA),cfbd
Nelson (TX),cfbd
Montana Western,cfbd
Southern Oregon,cfbd
College of Idaho,cfbd
Jamestown,cfbd
Anderson (SC),cfbd
Maine Maritime,cfbd
Calvin,cfbd
Centenary (LA),cfbd
Langston,cfbd
Simpson (CA),cfbd
Saint Francis (IN),cfbd
Georgetown College Kentucky,cfbd
Keiser (Fl),cfbd
Elgin,cfbd
William Woods,cfbd
Campbellsville University,cfbd
Siena Heights,cfbd
Marian (IN),cfbd
Midland,cfbd
Cumberland (TN),cfbd
Central Methodist,cfbd
UT Rio Grande Valley,cfbd
New England College,cfbd
Roanoke College,cfbd
Saint Xavier (IL),cfbd
University of Rio Grande,cfbd
Pikeville,cfbd
